,person_id,name,sex,date of birth
0,100,Jerry Filer,male,1999-06-29
1,101,Richard Myers,male,1965-11-26
2,102,Mable Bacon,female,1956-06-19
3,103,Debbie Harty,female,2024-02-23
4,104,Shirley Pena,female,2040-07-25
5,105,Isidro Schroeder,male,1993-08-11
6,106,Joan Mitchell,female,1949-10-04
7,107,Teresa Koch,female,1956-08-21
8,108,Ruth Bowen,,1967-05-28
9,109,Brendan Saavedra,male,1989-09-15
10,110,Demetrius Howland,female,1982-04-22
11,111,Quintin Patton,male,1970-02-25
12,112,Shirley Tagle,female,1959-05-09
13,113,Ezequiel Meyer,male,1979-01-14
14,114,Teresa Mcnitt,female,2006-12-27
15,115,Roberta Flores,female,2036-12-04
16,116,Mark Crafton,male,1998-07-19
17,117,Larry Krok,male,1978-02-27
18,118,Felicita Meyer,female,2015-11-17
19,119,Dorothy Dupes,female,1945-02-11
20,120,Rufina Quinn,female,1966-06-24
21,121,Cecelia Garcia,female,1975-04-01
22,122,Gerardo Johnson,male,1970-04-15
23,123,Mariano Barlow,male,2019-10-23
24,124,Marlo Johnson,female,1957-01-27
25,125,Clinton James,male,1984-11-02
26,126,Ray Swendsen,male,1993-01-02
27,127,James Konon,female,1972-10-30
28,128,Edwardo Morris,,1974-12-22
29,129,Jessica Williams,female,1970-07-12
30,130,Jennifer Suarez,female,1983-01-01
31,131,Elsa Brewton,female,1982-08-12
32,132,Kevin Rooney,female,1961-02-20
33,133,Erica Everett,female,1979-08-21
34,134,Emily Milhorn,female,1955-10-14
35,135,James Nault,male,2017-01-14
36,136,Steven Marshall,male,1963-07-01
37,137,Brent Gomez,male,1984-04-23
38,138,Becky Robinson,female,1973-11-09
39,139,Betty Layne,female,1982-01-26
40,140,Vincent Lostroh,male,1986-02-03
41,141,Erma Baldwin,female,2007-12-05
42,142,Jill Smythe,female,2003-01-23
43,143,Sue Harrison,female,1957-05-08
44,144,Shannon Geffrard,female,2002-05-13
45,145,Eric Shaffer,male,1985-03-19
46,146,Benjamin Rodriguez,male,1984-12-31
47,147,Joseph Gibson,male,1965-12-18
48,148,Robert Fruchter,male,1998-07-07
49,149,Barbara Hill,female,2003-11-08
50,150,Eric Paradee,male,2015-05-24
51,151,Sheryl Sweezer,female,2012-04-10
52,152,Scott Seals,male,2007-05-10
53,153,Leigh Doctor,female,1959-02-01
54,154,Norman Dreese,male,1972-02-07
55,155,Gerald Newport,male,1981-05-06
56,156,Ella Fortier,female,1989-10-15
57,157,Lois Adams,female,1961-08-04
58,158,Alisha Davis,female,1978-01-10
59,159,George Kshywonis,male,1980-02-20
60,160,Patricia Ran,female,2021-11-11
61,161,Elizabeth Valles,female,2003-07-05
62,162,Megan Bruce,female,1970-08-28
63,163,Sam Phillips,male,1961-11-10
64,164,Janet Chua,female,1958-12-06
65,165,Lewis Godfrey,male,2007-09-13
66,166,Janet Sanders,female,1993-04-20
67,167,Daniel Junkins,male,2001-03-15
68,168,Deborah Mendez,female,1980-06-26
69,169,Milton Heroux,male,2014-09-03
70,170,Carolyn Briggs,female,2001-11-26
71,171,James Coggan,male,1999-04-18
72,172,Mary Torgersen,female,1971-08-21
73,173,Jane Lawson,female,2002-10-31
74,174,Timothy Roberts,male,2004-10-14
75,175,Sue Begay,female,1997-09-21
76,176,Diane Watkins,female,1982-06-24
77,177,Shirley Flory,female,1971-02-27
78,178,Carlos Valle,male,2007-06-04
79,179,Mary Brandenburg,female,1977-03-17
80,180,Mary Sheets,female,1969-10-06
81,181,Shawn Scull,male,1979-09-03
82,182,Lawrence Brown,male,1986-03-10
83,183,Raymond Salas,male,20175-02-28
84,184,Kelli Milligan,female,2011-10-20
85,185,Glenda Brown,female,1943-09-13
86,186,Jill Johnson,female,2010-09-13
87,187,Desiree Goode,female,1999-10-27
88,188,James Umphrey,male,1981-09-15
89,189,Brady Dickson,male,2018-07-19
90,190,Alice Tigner,female,1973-01-16
91,191,Rena Cha,female,1970-09-25
92,192,Michele Stroope,female,2018-12-30
93,193,Troy Fellin,,1974-07-12
94,194,Sylvia Dunlop,female,2006-05-21
95,195,Suzanne Goodwin,female,2009-06-13
96,196,Antoinette Thompson,female,1988-08-05
97,197,Leilani Smith,female,1979-11-29
98,198,Richard Yung,male,1988-11-09
99,199,Pamela Nelson,female,1988-06-29
100,200,Ray Nunez,male,1978-08-12
101,201,Elizabeth Brumback,female,1964-12-09
102,202,Julian Seiler,female,2030-04-08
103,203,Jeffrey Kaina,male,1981-10-14
104,204,Richard Theel,male,1947-10-15
105,205,William Dudziak,male,1953-09-05
106,206,Manuel Peng,male,1977-08-24
107,207,Charles Barraza,male,2013-08-13
108,208,James Hyde,male,1956-07-15
109,209,April Mais,female,1998-03-22
110,210,Carlos Thomas,male,1945-05-10
111,211,Scott Boatwright,male,1956-03-01
112,212,Shirley Stewart,female,1967-04-15
113,213,Gary Fegley,male,1980-10-27
114,214,Trish Brown,female,1993-02-09
115,215,Albert Caballero,male,1981-08-28
116,216,Thomas Cothran,male,1994-08-13
117,217,Peggy Kirkendall,female,20175-02-28
118,218,Ernesto Wilkin,male,1981-01-03
119,219,Alan Orizabal,male,1971-03-17
120,220,Alfred Vandergriff,male,1989-01-11
121,221,Steven Hawkins,male,1974-11-02
122,222,Tony Symons,male,1997-10-30
123,223,Patricia Clingan,female,1972-01-04
124,224,Martha Whitehurst,female,1974-05-07
125,225,William Koch,male,1969-04-03
126,226,Doris Carter,female,2007-01-10
127,227,Travis Parker,male,2024-10-15
128,228,Steven Morrison,,1958-03-23
129,229,Daniel Pigg,male,2010-03-16
130,230,Juan Hughes,male,2019-09-17
131,231,Barry Padgett,male,1972-03-23
132,232,Elaine Stock,female,2008-05-03
133,233,Ana Haas,female,2009-03-03
134,234,Minnie Clark,female,1978-07-16
135,235,Matthew Henig,male,1983-09-16
136,236,Ethel Gonzalez,female,1968-02-12
137,237,Clay Taylor,male,1989-12-01
138,238,Kit Morgan,female,2006-11-23
139,239,Matthew White,male,2013-06-04
140,240,Regina Lucas,female,20175-02-28
141,241,Charles Jefferson,male,1979-09-02
142,242,Debra Searcy,female,20175-02-28
143,243,Doris Shockley,female,2003-05-02
144,244,Garret Sliger,male,1964-09-07
145,245,Morris Treanor,male,2000-06-06
146,246,Paula Nichols,female,1995-07-08
147,247,Hayley Fischer,female,1999-08-28
148,248,Spring Gonzalez,female,1990-10-15
149,249,Rafael Jacobs,male,1994-09-22
150,250,David Hicks,male,1978-03-10
151,251,Deanna Roebuck,female,1956-08-07
152,252,Thomas Young,male,2011-02-18
153,253,Michael Hunter,male,1966-08-18
154,254,Deborah Milligan,female,1984-08-15
155,255,Dawn Wilborn,female,2001-02-05
156,256,Wayne Bustos,male,1999-05-19
157,257,Stephen Digangi,male,1936-07-25
158,258,George Ulsamer,male,1994-11-15
159,259,Elinor Turner,female,1984-05-03
160,260,Beatrice Irish,female,1994-02-24
161,261,Constance Little,female,2011-07-20
162,262,Sheri Brewster,female,1967-07-12
163,263,Samuel Swavely,male,1966-09-05
164,264,Viola Goodwin,female,2034-08-22
165,265,Mildred Miley,female,1987-08-02
166,266,David Hayward,male,1999-04-22
167,267,Robert Pankratz,male,1992-08-14
168,268,Jim Wiford,male,2021-10-30
169,269,Sonia Fuhrman,female,1963-02-10
170,270,Tina Darr,female,1987-11-25
171,271,Allan Haag,male,1975-04-20
172,272,Monique Linares,female,1985-07-13
173,273,Gregory Baker,male,2017-01-09
174,274,Marguerite Cobbs,female,1966-01-08
175,275,Roger Ozuna,male,1993-05-12
176,276,Brandon Graham,male,1994-05-08
177,277,Kevin Hurst,male,2009-05-03
178,278,John Shaw,male,1988-06-17
179,279,Louis Phipps,male,1995-04-10
180,280,Essie Hamilton,female,1979-12-08
181,281,Dorothy Walker,female,1974-11-20
182,282,Michael Mayle,male,2009-03-15
183,283,Royce Faulkner,male,2034-03-02
184,284,Jessie Ables,male,1948-12-05
185,285,Linda Brassard,female,1976-02-29
186,286,Louis Craig,male,1967-06-16
187,287,Karlene Hampton,female,1962-07-24
188,288,Sharon Hoover,female,1981-02-17
189,289,Donna Elrod,female,2003-01-14
190,290,Aaron Lindenbaum,male,1929-08-29
191,291,Janet Harper,female,2008-12-30
192,292,Kimberly English,female,1958-11-30
193,293,Tiffany Brito,female,1965-05-15
194,294,John Bruno,male,2019-06-06
195,295,Debbie Vanzee,female,1986-11-28
196,296,Kenny Henley,male,1992-12-31
197,297,Paul Farris,male,1965-07-04
198,298,Dennis Kirk,male,1993-10-03
199,299,Heather Alley,female,1976-01-28
200,300,Karen Moore,female,2005-10-21
201,301,James Moore,male,1987-04-12
202,302,Charles White,male,2010-05-12
203,303,Kim Lammers,female,1950-09-16
204,304,John Bethune,male,1953-02-14
205,305,Elizabeth Vinz,female,1947-12-06
206,306,Heather Cioffi,female,1992-09-26
207,307,Mary Farber,female,1985-12-19
208,308,Sonia Baker,female,20175-02-28
209,309,Carlos Gay,male,2003-01-05
210,310,Brandon Padilla,male,1993-01-13
211,311,Randy Beaudreault,male,2009-11-22
212,312,Sheryl Walters,female,2019-12-06
213,313,Laura Woods,female,1983-12-07
214,314,Adam Brazier,male,1972-11-12
215,315,Victoria Dalal,female,1972-10-29
216,316,Scott Nelson,male,2017-08-11
217,317,Stacy Anderson,male,1990-02-10
218,318,Gregory Larmore,male,1962-09-27
219,319,Elizabeth Tam,female,1973-03-06
220,320,Janette Jebb,female,2008-08-23
221,321,Roy Gaither,male,1954-08-19
222,322,Kerry Mercer,female,1963-05-15
223,323,Daniel Vanvalkenburg,male,1989-01-18
224,324,Barbara Tew,female,1980-10-01
225,325,Altagracia Martin,female,1987-03-06
226,326,Melanie Espinoza,female,1958-08-30
227,327,James Norman,male,1997-10-23
228,328,Johnny Jeffers,male,1990-02-21
229,329,James Guerrero,male,1980-07-08
230,330,Bryan Mcwilliams,male,20175-02-28
231,331,Tyrone Stlouis,,2002-06-06
232,332,Daniel Potter,male,1965-06-18
233,333,Freeman Gunnoe,male,1983-11-23
234,334,Robert Lindsey,male,1973-04-14
235,335,Nathanial Jones,male,1951-10-17
236,336,James Hindman,male,1994-01-17
237,337,Anne Phillips,female,1965-08-11
238,338,Evelyn Baldwin,female,1985-12-13
239,339,Tanya Wallace,female,1985-06-05
240,340,Brandon Guzman,male,2010-12-15
241,341,Albert Woodall,male,1954-03-30
242,342,Ralph Johnson,male,1987-06-23
243,343,Moses Rudd,male,1993-11-27
244,344,Marcia Stovall,female,1966-01-07
245,345,Lillian Engle,female,1983-06-01
246,346,Dawn Mosley,female,1970-09-14
247,347,Pamela Evans,female,1993-02-20
248,348,Tammy Rodriguez,female,1995-11-18
249,349,Tommy Henson,male,1986-05-21
250,350,Mary Olsen,female,2011-10-20
251,351,Elizabeth Barlage,female,2008-04-11
252,352,Pansy Phillips,female,2008-05-22
253,353,Sallie Noell,female,2003-12-25
254,354,Doris Siverling,female,2003-07-29
255,355,Zulma Dery,female,1984-02-03
256,356,Robert Sosa,male,1953-07-18
257,357,Ronald Cook,male,2005-07-24
258,358,Janice Ables,female,1965-05-11
259,359,Jonathan Henley,male,1978-07-19
260,360,Carla Lockhart,female,1970-10-23
261,361,Rosa Reynolds,female,1986-12-21
262,362,Nancy Green,female,1998-03-02
263,363,Heather Hansen,female,1999-09-22
264,364,Paul Gary,male,1984-12-24
265,365,Marlene Galvan,female,1989-01-11
266,366,Glenn Miller,male,1984-02-13
267,367,Edward Marcotte,male,1956-07-26
268,368,Alma Thomas,female,1958-11-10
269,369,Anna Joshua,female,1953-10-11
270,370,Arlene Johnson,female,1977-11-07
271,371,Roy Mayer,male,1992-02-25
272,372,Josh Thomas,male,1986-08-29
273,373,Alfred Waldrop,male,1964-07-08
274,374,Shirley Birden,female,1993-02-14
275,375,Angela Jackson,female,1992-07-12
276,376,Rebbecca Nieman,female,1952-07-17
277,377,Stanley Lutz,male,1972-09-03
278,378,Thelma Wenzel,female,2006-10-24
279,379,Dorothy Free,female,1965-07-31
280,380,Spencer Norris,male,1973-01-04
281,381,Trevor Jones,male,1966-09-09
282,382,Tamara Williamson,female,1958-07-08
283,383,Rozanne Garcia,female,2014-01-28
284,384,Kate Marshall,female,1975-07-26
285,385,Maria Meyer,female,2003-10-23
286,386,Rebecca Christensen,female,1962-06-30
287,387,Allison Fannin,female,2006-02-19
288,388,Samuel Jamison,male,1990-01-27
289,389,Fred Charles,male,1981-03-29
290,390,Bobby Bowers,male,1980-09-13
291,391,Linda Grose,female,1999-04-16
292,392,Cody Boggess,male,1993-01-30
293,393,Crystal Dickson,female,1966-11-18
294,394,John Birch,male,1966-09-17
295,395,Frances Gaucin,female,1977-08-05
296,396,Gerald Mckeeman,male,2012-07-21
297,397,Bonnie Soto,female,2002-05-16
298,398,Alex Green,male,1977-03-28
299,399,Denise Hallberg,female,1991-05-03
300,400,James Balensiefen,male,1998-12-27
301,401,Theodore Sealey,male,1980-08-18
302,402,Dennis Erhardt,male,1970-08-12
303,403,Corine Nestle,female,1976-09-09
304,404,Janet Bollinger,female,2004-09-20
305,405,Rita Evans,female,2006-07-06
306,406,Sara Landi,female,1994-06-28
307,407,Brent Goode,male,2010-08-03
308,408,Lynn Clark,male,1971-07-03
309,409,Mary Torres,female,1978-05-15
310,410,Russell Vorhies,male,1985-12-17
311,411,Hazel Geffrard,female,1995-05-22
312,412,Ronda Yanez,female,1977-05-11
313,413,Gladys Specht,female,2011-04-28
314,414,Kimberlee Trace,female,1979-02-06
315,415,Dean Cantu,male,1983-12-13
316,416,George Mckever,male,1998-05-12
317,417,Roger Jinks,male,2009-01-25
318,418,Harold Scott,male,1963-09-28
319,419,Lucille Obrien,female,1984-06-10
320,420,Melissa Ware,female,1995-07-14
321,421,Erin Dunigan,female,1987-12-06
322,422,Dante Stinson,male,1986-07-09
323,423,Terrence Mcquistion,male,1976-12-03
324,424,James Pierce,male,1958-07-30
325,425,James Gillen,male,1982-09-07
326,426,Al Hughes,male,1972-08-10
327,427,Stephen Rogers,male,1943-05-18
328,428,Marie Culpepper,female,1987-09-19
329,429,Gladys Amos,female,1967-08-04
330,430,Haywood Fennell,male,1981-09-22
331,431,Frederick Townsend,male,2002-08-07
332,432,Faith Murphy,female,1973-05-21
333,433,Angela Dunneback,female,1988-04-18
334,434,Lawrence Villa,male,1983-02-09
335,435,Joesph Gerdes,male,1995-12-11
336,436,Jacqueline Smith,female,2024-11-16
337,437,Milton Gepner,male,1959-05-16
338,438,Dominick Szymansky,male,2020-12-31
339,439,Angela Radosevich,female,1940-11-09
340,440,Tonya Ladner,female,1984-02-29
341,441,Doloris Brownlee,female,1979-05-20
342,442,Frances Suggs,female,1997-10-20
343,443,John Cuadrado,male,1961-06-19
344,444,Chanel Cabading,female,1998-02-24
345,445,Marianne Red,female,1968-06-12
346,446,Elizabeth Murray,female,1943-05-03
347,447,Patricia Rodriguez,female,1979-08-20
348,448,Dawn Roswell,female,1980-02-28
349,449,Aldo Pullon,male,2008-08-21
350,450,Denise Berry,female,2004-11-27
351,451,Gina Dyer,,1980-11-16
352,452,Luis Font,male,1999-12-21
353,453,Patty Fontaine,female,1997-07-20
354,454,Curtis Stroot,male,2003-05-19
355,455,William Taylor,male,1998-12-19
356,456,Burton Lewis,male,1996-04-19
357,457,Donald Cottone,male,2003-10-28
358,458,Chester Wilkinson,male,1976-03-25
359,459,Brenda Mcdonald,female,1988-10-15
360,460,Cameron Liao,male,1976-07-29
361,461,Alfredo Macias,male,1979-01-02
362,462,Edward Green,male,2031-03-14
363,463,Jeanne James,female,1990-08-30
364,464,Edgar Marroquin,male,1978-08-27
365,465,Paula Paradis,female,1987-02-11
366,466,Ryan Leech,male,2013-09-16
367,467,Velma Crofts,female,1979-07-29
368,468,Ernest Mccollum,male,1993-08-24
369,469,Catherine Johnson,female,1984-12-13
370,470,Anthony Weller,male,1977-10-07
371,471,Patricia Delacerda,,1949-05-16
372,472,Iris Mara,female,1977-12-20
373,473,Kenneth Kelly,male,1990-10-14
374,474,Jane Saxton,female,1948-10-10
375,475,Oscar Kato,male,1956-11-24
376,476,Christine Obrien,female,1986-06-11
377,477,Barbara Cannon,female,2000-11-28
378,478,Johnnie Knox,male,2023-03-01
379,479,Paul Gruwell,male,1995-08-15
380,480,Kathy Seguin,female,1932-07-26
381,481,Alfred White,male,1965-06-21
382,482,Robert Strecker,male,1978-12-16
383,483,Veta Satmary,female,2022-10-06
384,484,Mario Pennington,male,1970-11-20
385,485,Darlene Beal,female,1981-08-25
386,486,Lacy Thompson,female,1969-03-15
387,487,Sandra Miele,female,1928-03-26
388,488,Edna Burgess,female,1999-01-28
389,489,Christopher Sandahl,male,1990-04-18
390,490,Manuel Bradford,male,1962-03-15
391,491,Thomas Perez,male,1998-08-10
392,492,Michael Harris,male,1934-08-30
393,493,Julian Arnold,male,1986-05-29
394,494,Barbara Yeates,female,1990-11-06
395,495,Richard Love,male,1995-09-19
396,496,Kenneth Panther,male,2027-08-10
397,497,Christopher Butler,male,20175-02-28
398,498,Rafael David,male,1978-10-27
399,499,Sharon Cabrera,female,1985-06-05
400,500,Jeremy Richardson,,20175-02-28
401,501,Lara Banks,female,2008-02-24
402,502,Rita Copeland,female,1978-05-17
403,503,Bruce Horne,male,1998-04-11
404,504,John Anchondo,male,1958-04-21
405,505,Joshua Swenson,male,2011-06-11
406,506,Ryan Corkins,male,1998-05-09
407,507,David Miller,male,1976-06-21
408,508,Mary Reynolds,female,2023-10-25
409,509,Theresa Piccolomini,female,1964-07-28
410,510,Justin Destefano,male,1963-09-25
411,511,Susan Clay,female,1955-11-01
412,512,William Streeter,male,1975-05-22
413,513,Michael Molina,male,1998-05-24
414,514,Gerard Camarena,male,2012-08-18
415,515,John Mendez,male,1963-04-16
416,516,Zoe Dearmitt,female,1996-09-26
417,517,Lin Bardsley,female,2017-10-28
418,518,Roger Forney,male,2039-07-12
419,519,Christopher Mcgeorge,male,1934-01-25
420,520,Claire Cleary,female,2023-02-28
421,521,Bobby Lindsey,male,1992-08-09
422,522,Darcy Ferrell,female,1998-12-30
423,523,Bobby Nelson,male,1960-10-29
424,524,Caryn Zalewski,female,1972-12-30
425,525,Roxie Cowan,female,1970-01-05
426,526,Angela Brooks,female,1988-10-06
427,527,Mark Dunn,male,1956-12-03
428,528,Ricardo Cole,male,1991-07-16
429,529,Donna Perez,female,1986-08-01
430,530,Iris Bresler,female,1961-08-30
431,531,James Zuehlke,male,1948-12-04
432,532,Evette Fetzer,female,1991-04-06
433,533,Felipe Scott,male,2017-10-02
434,534,Tesha Lopez,female,2028-09-21
435,535,Teresa Estrada,female,2013-07-18
436,536,Toni Carroll,female,1982-01-24
437,537,Jerry Harmon,male,1959-01-21
438,538,Alfred Gutierrez,male,20175-02-28
439,539,Mable Sage,female,2007-05-09
440,540,Linda Null,female,1977-06-29
441,541,Brandon Decker,male,1958-08-14
442,542,Barbara Dailey,female,1998-04-16
443,543,Kimberly Hunter,female,1945-04-07
444,544,Olene Olinger,female,1981-06-03
445,545,Bryan Trent,male,2005-07-13
446,546,Bruce Mcmanus,male,1987-08-13
447,547,Flora Odell,female,1970-01-15
448,548,Van Garcia,male,1986-09-24
449,549,Barbara Oden,female,1991-04-13
450,550,Carolyn Childs,female,1956-04-27
451,551,Margie Odonnell,female,1978-02-06
452,552,Joey Braun,male,20175-02-28
453,553,Gloria Rogers,female,1974-05-02
454,554,Shirley Myers,female,1981-12-06
455,555,Thelma Basye,female,1991-10-15
456,556,Guillermina Reynosa,female,1940-09-28
457,557,Man Mackey,male,1990-12-11
458,558,Brent Willett,male,1957-01-26
459,559,William Culp,male,1974-08-18
460,560,Sara Mcdonald,female,1978-08-23
461,561,Arthur Phariss,male,1970-01-02
462,562,Richard Glover,,1971-08-28
463,563,Willie Williams,male,2014-06-29
464,564,Robert Perry,male,1969-01-03
465,565,Ronald Viteri,male,1935-08-21
466,566,Jamie Sheeler,male,1975-10-15
467,567,Tanya Polk,female,1968-06-07
468,568,James Coleman,male,1975-03-24
469,569,Buck Jimenez,male,1993-09-13
470,570,Hugh Hughes,male,2007-10-20
471,571,Andrea Mcgill,female,2026-02-09
472,572,Andrew Craft,male,1963-01-17
473,573,Derrick Funderburk,male,2013-11-23
474,574,Lottie Rosa,female,1992-09-26
475,575,Julia Kean,female,1973-04-17
476,576,Christopher Mathis,male,1953-07-21
477,577,Vito Mckenny,male,20175-02-28
478,578,Kimberly Brown,female,1964-03-17
479,579,Leonard Langford,male,1959-04-18
480,580,Thelma Acree,female,1982-01-08
481,581,Rosalyn Benedict,female,1994-10-14
482,582,Robert Crook,male,1955-10-30
483,583,Stefan Rae,male,1995-09-06
484,584,Arthur Burleson,male,1985-01-06
485,585,Ralph Sammons,male,1980-12-20
486,586,Chester Cook,male,2010-08-06
487,587,Roy Johnson,male,1984-01-26
488,588,Jason Kauffman,male,1967-06-22
489,589,Christopher Atkin,male,2003-04-27
490,590,Ricardo Green,male,1977-12-29
491,591,Cheryl Ross,female,1969-08-27
492,592,Monica Thomas,female,1978-09-07
493,593,Alisa Green,female,2007-01-19
494,594,Meghan Hall,female,1967-03-05
495,595,Dina Romero,female,1990-12-22
496,596,John Hancock,male,1971-04-25
497,597,Robert Corzo,male,1977-06-23
498,598,Mamie Eglinton,female,1965-07-14
499,599,Dale Cole,,1969-01-09
500,600,Norman Rosenthal,male,1999-07-25
501,601,Douglas Hall,male,1994-06-13
502,602,Kelly Coughlin,female,1970-12-25
503,603,Virginia Seiberling,female,1996-03-23
504,604,Carol Ingram,female,2010-07-23
505,605,Aurora Steere,female,2014-01-11
506,606,Kimberly Bethke,female,2008-04-13
507,607,Jeffrey Baker,male,1974-04-10
508,608,Denise Cassem,female,1955-12-27
509,609,Herbert Wilde,male,1977-09-29
510,610,Noemi Crosby,female,1986-07-26
511,611,Lillie Shoffner,female,1952-09-04
512,612,Donna Colen,female,1976-07-07
513,613,Elizabeth Long,female,20175-02-28
514,614,Mary Fish,female,1981-07-24
515,615,Roger Montello,male,1996-07-24
516,616,Linda Loggins,female,1978-01-13
517,617,Mathew Trausch,male,1976-11-08
518,618,Larry Shea,male,1981-04-26
519,619,Alonzo Lightner,male,1992-01-27
520,620,Joan Wittwer,female,1971-03-07
521,621,Howard Seveney,male,1993-10-01
522,622,Stephen Tinoco,male,1989-02-21
523,623,Mary Collins,female,2010-07-25
524,624,Mary Flores,female,1979-09-09
525,625,Christopher Hayes,male,1980-12-09
526,626,Ashley Jones,male,1964-04-07
527,627,Holly Kraus,female,1976-07-30
528,628,Magali Evans,female,1985-05-06
529,629,Thomas Johnson,male,2000-12-06
530,630,Dana Payne,female,1970-04-10
531,631,William Oneal,male,1965-09-23
532,632,Porsha Weston,female,1942-12-22
533,633,Gail Crouchet,female,1972-08-06
534,634,Julie Gray,female,1984-07-24
535,635,Gary Miller,male,20175-02-28
536,636,Jose Powers,male,1981-05-01
537,637,Ted Dengler,male,1982-02-04
538,638,Barbara Casteel,female,1974-07-22
539,639,Ryan Islam,male,1987-07-07
540,640,George Pentz,male,1985-03-07
541,641,Rena Pierrot,female,1964-09-25
542,642,Ann James,female,1984-07-07
543,643,Jeri Breckenridge,female,1992-10-17
544,644,Jane Maisano,female,2009-01-10
545,645,Linda Oliver,female,1974-05-07
546,646,Jared Stephens,male,1992-05-15
547,647,Diana Huls,female,1976-03-08
548,648,Willie Mcclure,female,1958-10-20
549,649,Melissa Sweeney,female,1966-10-21
550,650,Mary Edwards,female,1949-05-21
551,651,Niesha Edmonds,female,1980-10-03
552,652,Antonio Morris,male,1977-12-26
553,653,Mark Kinard,male,1972-03-17
554,654,John Hartman,male,1997-02-11
555,655,Audra Hastings,,1964-08-22
556,656,Paul Weitzman,male,1972-09-16
557,657,Tena Hoff,female,1976-05-26
558,658,Anthony Elliott,male,1989-01-06
559,659,Ashley Sullivan,female,1972-10-22
560,660,James Reyolds,male,1956-05-02
561,661,Cristina West,female,1964-04-12
562,662,Margaret Walden,female,2007-03-10
563,663,John Jackson,male,1979-07-02
564,664,Tara Broughton,female,1976-09-07
565,665,Irvin Woods,male,1984-09-08
566,666,Mary Ware,female,1973-01-10
567,667,Millicent Frizzell,female,2019-11-20
568,668,Henry Hoyos,male,1961-06-29
569,669,Tara Marshall,female,1963-02-18
570,670,William Hendryx,male,1966-03-05
571,671,Priscilla Adkins,female,1984-07-04
572,672,Edward Jones,male,1964-07-04
573,673,Christina Cheatam,female,1960-06-01
574,674,Christine Keys,female,1987-05-24
575,675,Thomas Hoobler,male,1944-11-22
576,676,James Perrucci,male,2009-02-02
577,677,Clarence Lupo,male,2000-02-18
578,678,Roy Moore,male,1944-12-03
579,679,Neal Vanmatre,male,2000-04-19
580,680,Fred Thompson,male,1982-09-24
581,681,Martin Haffey,male,1984-12-25
582,682,Santina Jiang,female,1948-01-01
583,683,Brenda Valerio,female,1999-08-20
584,684,Elizabeth Cogburn,female,2029-08-11
585,685,Arlene Courtney,female,1970-10-01
586,686,Linda Priest,female,1978-02-18
587,687,Graciela Harding,female,1947-01-13
588,688,Maria Ricci,female,1982-02-08
589,689,Jason Cruz,male,1958-07-10
590,690,Joe Merritt,male,1973-11-16
591,691,Elizabeth Elliott,female,1995-10-16
592,692,Richard Mancini,male,1967-09-06
593,693,Brandon Callaway,male,1979-06-11
594,694,Antonio Ramsey,male,1977-08-24
595,695,Rodney Stillman,male,1969-07-25
596,696,Abel Farnham,male,1987-06-13
597,697,Claude Walthall,male,2006-11-19
598,698,Phoebe Pahl,female,1960-06-19
599,699,James Pike,male,1993-07-17
600,700,Madge Molina,female,2003-01-19
601,701,Herman Castilleja,male,1995-02-18
602,702,Patricia Lavender,female,2014-03-30
603,703,Timothy Huston,male,20175-02-28
604,704,Anne Bolivar,female,1969-07-08
605,705,Christopher White,male,1992-10-05
606,706,Cecilia Hammon,female,1962-09-25
607,707,Tomasa Mayer,female,2000-12-23
608,708,Madonna Thompson,female,1943-11-30
609,709,Guadalupe Summers,male,1999-09-09
610,710,Evelyn Asbury,female,1989-09-15
611,711,Lee Wilmoth,male,1982-10-01
612,712,Matthew Steel,male,1976-07-31
613,713,Susan Roberson,female,1938-04-19
614,714,Angel Pearson,female,1953-09-12
615,715,Daniel Lopez,male,1984-01-05
616,716,Jody West,male,20175-02-28
617,717,Felix Brown,male,2003-02-21
618,718,Blair Jablonski,female,1995-02-11
619,719,Patsy Garrett,female,2012-11-28
620,720,Mary Amorosi,female,1965-10-07
621,721,Kelly Evans,female,1983-06-05
622,722,Sandra Yoder,female,2016-02-03
623,723,Frances Mcintyre,female,2016-09-13
624,724,Francis Dobson,male,1967-12-19
625,725,Nancy Hancock,female,1977-09-12
626,726,William Shah,male,2007-11-30
627,727,Eric Makinen,male,1991-03-04
628,728,Terry Klotz,male,1976-03-08
629,729,Bill Wainwright,male,1990-06-20
630,730,Leona Gomez,female,1952-03-19
631,731,Justin Castro,male,1941-10-31
632,732,Earl Robertson,male,1986-12-15
633,733,Cynthia Sproles,female,1973-08-15
634,734,Philip Fike,male,1958-09-10
635,735,Mark Bergstrom,male,20175-02-28
636,736,Howard Espinal,male,2025-09-01
637,737,Justin Hodges,male,1988-05-22
638,738,Daniel Kinsinger,male,1954-02-16
639,739,Margaret Grear,female,1964-11-21
640,740,Helen Reynolds,,1994-02-28
641,741,Maybell Barragan,female,1972-12-11
642,742,Melvin Gardner,male,1951-10-31
643,743,David Ayala,male,1997-04-15
644,744,Dennis Mallory,male,1996-06-07
645,745,Roger Pierce,male,2000-02-05
646,746,Rebecca Franklin,female,1932-04-30
647,747,Zoila Mcfarland,female,1972-05-17
648,748,Ronald Sughrue,male,1967-01-30
649,749,Krista Watson,female,1960-07-24
650,750,Lillian Jay,female,2002-03-03
651,751,Consuelo Spradlin,female,1995-03-13
652,752,Donald Held,male,1978-10-31
653,753,Lee Stevens,male,2019-04-10
654,754,Francis Cranford,male,1987-01-29
655,755,Martha Deleon,female,1988-12-24
656,756,Erik Peterson,male,1997-10-07
657,757,Eleanor Schroeder,female,1972-08-01
658,758,Anthony Denny,male,1983-04-25
659,759,Cherie Bruner,female,1953-06-05
660,760,Christine Grantham,,1993-06-08
661,761,Jennifer Bartholomew,female,1991-08-14
662,762,Thelma Freeman,female,1952-10-21
663,763,Jason Holmes,male,1960-11-14
664,764,Shanice Clarke,female,1987-07-04
665,765,Mary Downing,female,1956-11-18
666,766,Katie Bohman,female,1974-09-01
667,767,Tara Hanchett,female,2009-09-25
668,768,Jamal Bush,male,1945-11-25
669,769,Lydia Hickmon,female,20175-02-28
670,770,Jane Harrington,female,1964-07-08
671,771,Max Starks,male,2014-10-25
672,772,Luke Mielke,male,1987-09-04
673,773,Floyd Chavira,male,1946-12-03
674,774,Irving Holmes,male,1965-03-23
675,775,Richard Pitts,male,1993-06-08
676,776,Carmen Cohen,female,1992-09-05
677,777,Benjamin Linthicum,male,1945-07-19
678,778,Nancy Vandyke,female,1959-09-06
679,779,Elizabeth Chang,female,1983-05-28
680,780,Laura Castillo,female,1978-06-26
681,781,Kathleen Paquette,female,1984-12-06
682,782,Ted Barnett,,1993-05-10
683,783,Micheal Rollo,male,1991-08-29
684,784,David Holliday,male,2020-01-01
685,785,Aldo Pomeranz,male,1966-05-23
686,786,Henrietta Empie,female,1954-07-01
687,787,Cameron Coulter,male,1978-09-10
688,788,Ronald Reese,male,2002-01-12
689,789,Calvin Quintana,male,1981-07-28
690,790,Erik Traylor,male,1970-03-15
691,791,Sheldon Cody,male,1996-02-24
692,792,Carol Runion,female,1980-05-25
693,793,Henry Harmon,male,1988-04-11
694,794,Linda Kecskes,female,1984-07-28
695,795,Jacob Delaney,male,1948-04-05
696,796,Anna Hall,female,1955-08-09
697,797,Donald Fuchs,male,20175-02-28
698,798,Barbara Driver,female,1977-09-11
699,799,Robert Maddock,male,1971-09-17
700,800,Herman Taylor,male,1983-12-20
701,801,Connie Barnhill,female,1973-02-12
702,802,Deeann Vranicar,female,1971-06-08
703,803,Michael Funderburg,male,20175-02-28
704,804,Gwendolyn Mendez,female,1973-02-14
705,805,Martha Dudenhoeffer,female,2010-07-09
706,806,Earl Austin,male,1974-12-30
707,807,Yvonne Valdez,female,1989-08-24
708,808,Patrica Bottoni,female,20175-02-28
709,809,Carl Joyner,male,1998-03-17
710,810,Paula Morales,female,1960-03-27
711,811,Cedric Romero,male,1988-12-17
712,812,Drew Taylor,male,1986-05-31
713,813,Noah Watts,male,1968-01-08
714,814,Marion Dye,female,1988-04-15
715,815,Walter Cross,male,2004-07-12
716,816,Sarah Cantara,female,1984-11-30
717,817,Valeria Deshazer,female,2014-12-29
718,818,Lloyd Shelby,male,1975-05-19
719,819,Travis Austin,male,2019-07-07
720,820,Michael Burton,male,1997-04-02
721,821,Joyce Maher,female,2000-01-10
722,822,Earl Kahrs,male,2002-11-22
723,823,Kathaleen Lupkes,female,1944-08-03
724,824,Janet Black,female,2010-03-26
725,825,Mary Scott,female,1990-12-02
726,826,Larry Linn,male,1990-10-20
727,827,Jennifer Fincher,female,2029-06-26
728,828,James Harrison,male,1983-04-12
729,829,Albert Stewart,male,2000-11-28
730,830,David Jones,,1951-10-25
731,831,Edward Hyder,male,1976-01-03
732,832,Jill Schoonover,female,1945-11-26
733,833,Georgie Young,female,2032-02-07
734,834,Nina Gross,female,1968-10-25
735,835,George Larkin,male,1997-03-28
736,836,Jose Carkhuff,male,1973-01-14
737,837,Patricia Mallet,female,1995-01-11
738,838,Lee Sweet,male,2004-11-22
739,839,Helen Parker,female,1978-11-27
740,840,Wayne Rogers,male,2015-10-28
741,841,Elena Tongate,female,1987-01-14
742,842,Emilio Ramirez,male,2009-02-22
743,843,Robyn Flores,female,1961-08-08
744,844,Tim Wigley,male,2005-07-31
745,845,Ronald Gomes,male,1970-07-25
746,846,Cody Makhija,male,2005-12-22
747,847,John Mcgraw,male,2014-09-30
748,848,Harold Frank,male,1998-06-13
749,849,Ann Chidester,female,2008-11-15
750,850,Timothy Amparan,male,1959-08-06
751,851,Elsie Hargrove,female,1956-12-12
752,852,Tiffani Graham,female,1992-07-23
753,853,Corinna King,female,1989-12-27
754,854,Lawrence Martinez,male,1984-10-06
755,855,Barbara Brown,,2006-07-16
756,856,Cherish Whitham,female,1992-01-05
757,857,Douglas Stowers,male,1982-09-29
758,858,Jennifer Garner,female,1961-01-05
759,859,Gary Lewis,male,1986-09-02
760,860,Lillian Mccormick,female,1990-01-07
761,861,Katherine Cable,female,2007-11-12
762,862,Charles King,male,1969-01-20
763,863,Cathy Miller,female,2007-02-18
764,864,Michelle Acosta,female,1976-07-18
765,865,Donald Elston,male,2029-07-24
766,866,Colby Bish,male,2021-09-20
767,867,Thelma Fletcher,female,2002-01-06
768,868,Ryan Roberts,male,1987-11-02
769,869,Terri Johnson,female,1965-06-14
770,870,Darlene Davison,female,2028-02-05
771,871,Juanita Echevarria,female,1993-03-08
772,872,Rhonda Hobson,female,1987-03-23
773,873,Shane Shaffer,male,1949-05-12
774,874,Joshua Summerhill,male,1983-01-18
775,875,Sarah Hathaway,female,2008-08-29
776,876,Kristina Dotter,female,1935-02-23
777,877,John Phillips,male,1952-07-12
778,878,Gerry Turner,female,1977-07-10
779,879,Michael Barone,male,2011-09-16
780,880,John Conn,male,1992-12-02
781,881,Jamie Brooks,female,1972-12-06
782,882,Gail Amin,male,1967-09-18
783,883,Ryan Waddell,male,1981-09-15
784,884,Cheryl Genao,female,1941-03-03
785,885,Antonetta Auclair,female,1988-07-27
786,886,Annie Matchett,female,1992-02-13
787,887,Sam Amann,male,1974-01-04
788,888,Alexandria Martin,female,2014-03-15
789,889,Teresa Lacroix,female,1954-02-28
790,890,David Burke,male,1979-05-01
791,891,Diane Linzan,female,1976-01-20
792,892,Michael Wetherington,male,1992-08-29
793,893,Kari Dupree,female,1956-03-22
794,894,Brian Cady,male,1998-03-26
795,895,Margaret Spell,female,2004-04-26
796,896,Gail Remiszewski,female,1956-04-25
797,897,Naomi Briggs,female,2008-03-02
798,898,Carol Couzens,female,1999-09-28
799,899,Kimberly Knight,female,2006-11-18
800,900,Kerry Saunders,female,1982-04-13
801,901,Vita Felix,female,1973-06-24
802,902,Joshua Soto,male,2005-08-23
803,903,Joshua Cain,male,1971-05-07
804,904,Leo Starr,male,1982-10-14
805,905,Donnie Milne,male,1980-03-28
806,906,Brian Stanton,male,1995-03-19
807,907,Kristine Hickman,female,2009-03-15
808,908,Lewis Lewis,male,1963-02-09
809,909,Ima Jauregui,female,1936-10-28
810,910,Sue Mercado,female,2023-01-12
811,911,Robert Smith,male,2004-07-03
812,912,Robert Aquino,male,1979-04-06
813,913,Joseph Sipper,male,1985-02-20
814,914,Stephen Mcneill,male,1985-08-07
815,915,Kelly Mccall,male,20175-02-28
816,916,Louise Haggett,female,1977-02-14
817,917,Lynn Miller,male,20175-02-28
818,918,James Magee,male,1987-06-01
819,919,Robert Willis,male,1951-09-09
820,920,Gordon Murphy,male,1956-03-05
821,921,Louis Kratzer,female,1957-04-10
822,922,Gloria Mosher,female,1977-06-12
823,923,Christopher Larsen,male,1974-06-12
824,924,William Loucks,male,1967-06-16
825,925,Lauren Bailey,female,1948-04-18
826,926,Barbara Grabe,female,1999-03-28
827,927,Crystal Powell,female,2012-05-05
828,928,Doris Eaton,female,1975-01-27
829,929,Scott Champagne,male,1967-02-26
830,930,Mario Don,male,1976-10-27
831,931,Marisol Jones,female,1987-11-27
832,932,Julie Mccall,female,1999-12-18
833,933,Linda Stillman,female,2001-01-14
834,934,Neal Brandon,male,1938-09-16
835,935,Allen Cryer,male,1983-01-13
836,936,Lana Mcmillan,female,1995-12-07
837,937,Sharan Pippin,female,1996-05-21
838,938,James Ashcraft,male,2008-10-07
839,939,Nellie Cage,female,1960-01-31
840,940,George Rasmussen,male,1986-08-01
841,941,Maria Heyd,female,2023-10-25
842,942,Kelly Pifer,male,1944-07-20
843,943,Debra Murguia,female,1985-09-21
844,944,Adrian Tomlin,female,1972-11-12
845,945,Theresa Lieberman,female,2021-10-31
846,946,Raymond Marenco,male,1992-04-24
847,947,Eva Bradford,female,1957-06-11
848,948,Lesley Smith,female,1964-11-02
849,949,Charles Watson,male,1984-08-20
850,950,Annette Depeyster,female,1961-03-29
851,951,David Steadman,male,1968-05-09
852,952,Stacy Jones,female,1938-12-27
853,953,Bryant Kidd,male,1973-10-10
854,954,Travis Izquierdo,male,1958-03-29
855,955,Ruth Sims,female,1966-05-15
856,956,Luke Dais,male,1979-07-10
857,957,Mark Ferguson,male,1981-05-27
858,958,Donnetta Rice,female,1971-10-30
859,959,Yolanda Crutchfield,female,1990-02-05
860,960,Gladys Mancuso,female,2019-01-02
861,961,Richard Robinson,male,1978-09-30
862,962,Clarence Marino,male,1986-12-28
863,963,Ramon Pittman,male,1939-07-20
864,964,Margaret Armantrout,female,1970-06-24
865,965,Julius Jolly,male,2003-02-04
866,966,Erika Ekmark,female,1979-07-03
867,967,Rochelle Seago,female,1976-06-15
868,968,Thomas Ellis,male,1969-04-17
869,969,David Oliver,male,1970-06-05
870,970,Jackie Hernandez,male,20175-02-28
871,971,John Meurer,male,1963-10-02
872,972,Teresa Robertson,female,1997-03-28
873,973,John Hernandez,male,1998-12-28
874,974,Mildred Pullen,female,1980-12-09
875,975,William Bachmeier,male,2008-07-11
876,976,Janie Dowe,female,2002-04-11
877,977,Carla Harrison,female,1990-05-24
878,978,Kelly Rosales,female,2003-05-30
879,979,Lisa Mcdaniel,female,1995-07-16
880,980,May Hall,female,1998-10-03
881,981,Beth Esters,female,1977-04-10
882,982,Carol Konopka,female,1977-02-27
883,983,Minnie Nava,female,1953-11-01
884,984,Ramona Apilado,female,1973-01-06
885,985,James Boone,male,1984-12-20
886,986,Cynthia Boxx,female,2009-11-18
887,987,Todd Ramsey,male,2020-12-14
888,988,Phillip Jamesson,male,1995-07-20
889,989,Todd Bottoni,male,1980-09-15
890,990,Avis Virula,female,1992-06-26
891,991,Desmond Follick,male,1960-04-05
892,992,Steve Williams,male,1978-03-17
893,993,Juan Wilkinson,male,1972-11-25
894,994,Kathleen Wolf,female,1972-04-07
895,995,Winona Hodge,female,1996-05-11
896,996,Alberto Horney,male,1960-05-16
897,997,Wilma Harpin,female,1984-05-28
898,998,Grace Myrick,female,1970-05-08
899,999,Christopher Cusick,male,1961-08-19
900,1000,Raymond Scheumann,male,2015-07-13
901,1001,Ashanti Tower,female,1958-03-14
902,1002,Lee Phillips,female,1998-09-25
903,1003,Frankie Mcbride,female,2001-11-22
904,1004,John Rudzinski,male,1991-07-31
905,1005,Ryan Weeden,male,2000-05-17
906,1006,Chelsea Hanes,female,1995-10-02
907,1007,Eugene Lechner,male,1976-11-10
908,1008,James Robinson,male,1975-11-18
909,1009,Roderick Gavin,male,1954-03-28
910,1010,Dennis Mcclain,male,1992-09-21
911,1011,Leonard Wilson,male,2013-05-01
912,1012,Cathy Mosher,female,1962-02-03
913,1013,Ross Smith,male,1983-11-26
914,1014,Matthew Shreve,male,1967-03-01
915,1015,William Smith,male,1945-09-08
916,1016,Helen Rivers,female,1999-07-09
917,1017,Lisa Turner,female,1953-09-25
918,1018,Amanda Lindner,female,1975-08-26
919,1019,Amber Braden,female,2013-01-27
920,1020,Eleanor Hawley,female,20175-02-28
921,1021,Danial Payne,male,2008-11-10
922,1022,Janelle Kato,female,1973-10-07
923,1023,Janet Renn,female,1959-02-16
924,1024,Marilyn Sandi,female,1997-06-12
925,1025,Cathy Bissonnette,female,1991-08-23
926,1026,Marian Bennett,female,2009-01-09
927,1027,Edwin Moore,male,1919-05-10
928,1028,Ricky Barber,male,2012-11-10
929,1029,Lashanda Mccan,female,20175-02-28
930,1030,Andrea Byrd,female,1999-09-05
931,1031,Nicole Bates,female,1995-06-08
932,1032,Ricardo Overbaugh,male,2001-08-15
933,1033,Grace Lucas,female,1991-04-29
934,1034,George Sanderson,male,2017-07-21
935,1035,Carla Mcwhorter,,1981-01-10
936,1036,Billie Adams,female,1996-06-28
937,1037,Timothy Huntsman,male,2009-10-18
938,1038,Jean Ross,female,1967-04-02
939,1039,Matthew Chan,male,1957-03-27
940,1040,Jimmy Shiver,male,1942-02-22
941,1041,Victor Davis,male,1992-10-26
942,1042,John Ball,male,1960-12-01
943,1043,Domingo Wilkes,male,1991-12-24
944,1044,Larry James,male,1974-10-22
945,1045,Robert Young,male,1996-07-20
946,1046,Gloria Mangano,female,1980-12-15
947,1047,Lois James,female,2010-07-17
948,1048,Russell Miller,male,1928-02-01
949,1049,Milton Banda,male,2014-11-26
950,1050,Elizabeth Hedge,female,1951-11-29
951,1051,Roger Wolf,male,1994-06-08
952,1052,George Johnson,male,1955-08-08
953,1053,Kelly Marshall,female,1979-09-11
954,1054,Alma Luna,female,1974-10-23
955,1055,Mercedes Fouche,female,1960-10-08
956,1056,Melissa Russell,female,1999-02-10
957,1057,Jose Jackson,male,2017-09-23
958,1058,Paul Powell,male,1983-08-03
959,1059,Mitchell Lucas,male,2001-08-18
960,1060,Julie Abel,female,1970-04-05
961,1061,Richard Bryant,male,2006-07-17
962,1062,Richard Metts,male,20175-02-28
963,1063,Sam Barraclough,male,1973-09-25
964,1064,Patrick Dorst,male,1994-03-08
965,1065,Luz Perez,female,1966-10-21
966,1066,Brian Arnold,male,2002-12-10
967,1067,Robert Pare,male,1984-03-28
968,1068,Jacki Brown,female,1995-01-20
969,1069,Monte King,male,2005-01-21
970,1070,Danny Battle,male,2013-03-12
971,1071,Deneen Hacker,female,1993-08-19
972,1072,Larry Custer,male,1969-08-26
973,1073,Ellen Vollmer,female,2003-09-17
974,1074,Sara Sapienza,female,2017-03-28
975,1075,Karen Palmer,female,2007-09-19
976,1076,Rebekah Cox,female,1972-06-28
977,1077,Conrad Byerly,male,1995-04-28
978,1078,Vanessa Mckinney,female,2011-08-13
979,1079,David Thorsness,male,2009-08-27
980,1080,Robert Funkhouser,male,1998-03-06
981,1081,Denny Heifner,male,1969-05-04
982,1082,Ronald Horne,male,1955-11-04
983,1083,Edmond Taylor,male,2007-05-07
984,1084,Nicolasa Kelly,female,1972-09-23
985,1085,Mary Ashcraft,female,2014-02-15
986,1086,Michael Campbell,male,2004-03-01
987,1087,Aubrey Arteaga,male,1996-02-02
988,1088,Betty Henry,female,2000-11-04
989,1089,Marian Graham,female,2006-05-21
990,1090,Melvin Cummings,male,1982-01-28
991,1091,Mark Nicley,male,2013-01-31
992,1092,Kathleen Gonzalez,female,1994-02-20
993,1093,Irene Coker,female,1967-12-01
994,1094,Clifford Manning,male,1975-01-01
995,1095,Kevin Tellefson,male,1988-09-26
996,1096,Bonnie Pitts,female,1984-01-21
997,1097,Neil Valdez,male,1930-10-20
998,1098,Kevin Day,male,1973-11-14
999,1099,William Brotherton,male,2003-12-18
